title,authors,year_read,date_read,genre,series,series_number,format,personal_rating,notes
Dune,Frank Herbert,2016,,Science Fiction,,,physical,,
The Count of Monte Cristo,Alexandre Dumas,2016,,Classic,,,physical,,first half only
How to Win Friends and Influence People,Dale Carnegie,2016,,Self-Help,,,physical,,
The Meditations of Marcus Aurelius,Marcus Aurelius,2016,,Philosophy,,,physical,,
Mindfulness in Plain English,Bhante Gunaratana,2017,,Philosophy/Spirituality,,,physical,,
The Fellowship of the Ring,J.R.R. Tolkien,2017,,Fantasy,The Lord of the Rings,1,physical,,
The Two Towers,J.R.R. Tolkien,2017,,Fantasy,The Lord of the Rings,2,physical,,
The Return of the King,J.R.R. Tolkien,2017,,Fantasy,The Lord of the Rings,3,physical,,
A Game of Thrones,George R.R. Martin,2017,,Fantasy,A Song of Ice and Fire,1,physical,,
A Clash of Kings,George R.R. Martin,2017,,Fantasy,A Song of Ice and Fire,2,physical,,
The Stranger,Albert Camus,2017,,Literary Fiction,,,physical,,
Fahrenheit 451,Ray Bradbury,2017,,Science Fiction,,,physical,,
Animal Farm,George Orwell,2017,,Literary Fiction,,,physical,,
Slaughterhouse Five,Kurt Vonnegut,2017,2017-07-23,Science Fiction,,,physical,,
Candide,Voltaire,2017,2017-08-01,Classic,,,physical,,
A Storm of Swords,George R.R. Martin,2017,2017-08-02,Fantasy,A Song of Ice and Fire,3,physical,,
Catch 22,Joseph Heller,2017,,Literary Fiction,,,physical,,
The Hobbit,J.R.R. Tolkien,2017,,Fantasy,,,physical,,
The Meditations,Marcus Aurelius,2017,,Philosophy,,,physical,,
The Sirens of Titan,Kurt Vonnegut,2017,,Science Fiction,,,physical,,
Les Misérables (Fantine),Victor Hugo,2017,,Classic,Les Misérables,,physical,,Fantine section
Cat's Cradle,Kurt Vonnegut,2017,,Science Fiction,,,physical,,
Man's Search for Meaning,Viktor E. Frankl,2017,,Nonfiction,,,physical,,
Of Mice and Men,John Steinbeck,2017,2017-10-25,Literary Fiction,,,physical,,
Reclaiming Conversation,Sherry Turkle,2017,,Nonfiction,,,physical,,
Siddhartha,Hermann Hesse,2017,2017-10-29,Literary Fiction,,,physical,,
Memoirs of a Geisha,Arthur Golden,2017,,Historical Fiction,,,physical,,
1984,George Orwell,2017,2017-11-19,Science Fiction,,,physical,,
A Feast for Crows,George R.R. Martin,2017,,Fantasy,A Song of Ice and Fire,4,physical,,
The Alchemist,Paulo Coelho,2017,2017-12-05,Literary Fiction,,,physical,,
The Picture of Dorian Grey,Oscar Wilde,2017,2017-12-07,Classic,,,physical,,
Galapagos,Kurt Vonnegut,2017,2017-12-11,Science Fiction,,,physical,,
Fear and Loathing in Las Vegas,Hunter S. Thompson,2017,2017-12-11,Literary Fiction,,,physical,,
Astrophysics for People in a Hurry,Neil deGrasse Tyson,2017,2017-12-13,Science/Nonfiction,,,physical,,
Ill Fares the Land,Tony Judt,2018,,Nonfiction,,,physical,,
A Dance with Dragons,George R.R. Martin,2018,,Fantasy,A Song of Ice and Fire,5,physical,,
Stranger in a Strange Land,Robert A. Heinlein,2018,2018-01-28,Science Fiction,,,physical,,
The Adventures of Huckleberry Finn,Mark Twain,2018,2018-01-31,Classic,,,physical,,
The Scarlet Letter,Nathaniel Hawthorne,2018,2018-02-01,Classic,,,physical,,
Snow Crash,Neal Stephenson,2018,2018-02-07,Science Fiction,,,physical,,
Surely You're Joking Mr. Feynman!,Richard P. Feynman,2018,2018-02-09,Memoir,,,physical,,
Breakfast of Champions,Kurt Vonnegut,2018,2018-02-11,Literary Fiction,,,physical,,
Brave New World,Aldous Huxley,2018,2018-02-17,Science Fiction,,,physical,,
Crime and Punishment,Fyodor Dostoevsky,2018,2018-02-21,Classic,,,physical,,
A Walk in the Woods,Bill Bryson,2018,2018-02-26,Memoir,,,physical,,
Les Misérables (Saint Denis),Victor Hugo,2018,2018-03-04,Classic,Les Misérables,,physical,,Saint Denis section
Les Misérables (Jean Valjean),Victor Hugo,2018,2018-03-07,Classic,Les Misérables,,physical,,Jean Valjean section
Mother Night,Kurt Vonnegut,2018,2018-03-13,Literary Fiction,,,physical,,
Capitalism and Slavery,Eric Williams,2018,2018-03-19,History/Nonfiction,,,physical,,
As I Lay Dying,William Faulkner,2018,2018-03-21,Literary Fiction,,,physical,,
A Confederacy of Dunces,John Kennedy Toole,2018,2018-03-22,Literary Fiction,,,physical,,
East of Eden,John Steinbeck,2018,2018-04-01,Literary Fiction,,,physical,,
One Flew Over the Cuckoo's Nest,Ken Kesey,2018,2018-04-05,Literary Fiction,,,physical,,
Harry Potter and the Half-Blood Prince,J.K. Rowling,2018,2018-04-11,Fantasy,Harry Potter,6,physical,,
On the Road,Jack Kerouac,2018,2018-04-15,Literary Fiction,,,physical,,
Invisible Man,Ralph Ellison,2018,2018-04-18,Literary Fiction,,,physical,,
The Castle,Franz Kafka,2018,2018-04-22,Literary Fiction,,,physical,,
Hiroshima,John Hersey,2018,2018-04-25,Nonfiction,,,physical,,
The Crying of Lot 49,Thomas Pynchon,2018,2018-04-30,Literary Fiction,,,physical,,
The Old Man and the Sea,Ernest Hemingway,2018,2018-04-30,Literary Fiction,,,physical,,
Kafka on the Shore,Haruki Murakami,2018,,Literary Fiction,,,physical,,
12 Rules for Life,Jordan B. Peterson,2018,,Self-Help,,,physical,,
The Moon is a Harsh Mistress,Robert A. Heinlein,2018,,Science Fiction,,,physical,,
Treasure Island,Robert Louis Stevenson,2018,,Classic,,,physical,,
The Sun Also Rises,Ernest Hemingway,2018,2018-07-02,Literary Fiction,,,physical,,
Time Enough for the Stars,Robert A. Heinlein,2018,2018-07-03,Science Fiction,,,physical,,
Harry Potter and the Deathly Hallows,J.K. Rowling,2018,2018-07-07,Fantasy,Harry Potter,7,physical,,
The Golden Compass,Philip Pullman,2018,,Fantasy,His Dark Materials,1,physical,,
Harry Potter and the Philosopher's Stone,J.K. Rowling,2018,2018-07-31,Fantasy,Harry Potter,1,physical,,
The Adventures of Sherlock Holmes,Arthur Conan Doyle,2018,,Mystery,Sherlock Holmes,,physical,,
The Memoirs of Sherlock Holmes,Arthur Conan Doyle,2018,2018-08-21,Mystery,Sherlock Holmes,,physical,,
It,Stephen King,2018,2018-08-31,Horror,,,physical,,
The Brothers Karamazov,Fyodor Dostoevsky,2018,2018-09-06,Classic,,,physical,,
The Grapes of Wrath,John Steinbeck,2018,2018-09-09,Literary Fiction,,,physical,,
Anna Karenina,Leo Tolstoy,2018,2018-09-25,Classic,,,physical,,
Norwegian Wood,Haruki Murakami,2018,2018-09-27,Literary Fiction,,,physical,,
The Lion the Witch and the Wardrobe,C.S. Lewis,2018,2018-09-27,Fantasy,The Chronicles of Narnia,1,physical,,
A Christmas Carol,Charles Dickens,2018,2018-09-28,Classic,,,physical,,
A Tale of Two Cities,Charles Dickens,2018,2018-10-03,Classic,,,physical,,
The Handmaid's Tale,Margaret Atwood,2018,2018-10-05,Science Fiction,,,physical,,
The Unbearable Lightness of Being,Milan Kundera,2018,2018-10-12,Literary Fiction,,,physical,,
Atlas Shrugged,Ayn Rand,2018,2018-10-27,Literary Fiction,,,physical,,
Nightfall,Isaac Asimov,2018,2018-10-30,Science Fiction,,,physical,,
Killing Commendatore,Haruki Murakami,2018,,Literary Fiction,,,physical,,
Foundation,Isaac Asimov,2018,2018-11-04,Science Fiction,Foundation,1,physical,,
Men Without Women,Haruki Murakami,2018,2018-11-06,Short Stories,,,physical,,
Steppenwolf,Hermann Hesse,2018,2018-12-07,Literary Fiction,,,physical,,
Demian,Hermann Hesse,2018,2018-12-08,Literary Fiction,,,physical,,
Faust,Johann Wolfgang von Goethe,2018,2018-12-12,Classic,,,physical,,
The Gambler,Fyodor Dostoevsky,2018,2018-12-13,Classic,,,physical,,
Narcissus and Goldmund,Hermann Hesse,2018,2018-12-16,Literary Fiction,,,physical,,
The Definitive Book of Body Language,Allan and Barbara Pease,2019,2019-01-04,Nonfiction,,,physical,,
The Subtle Art of Not Giving a Fuck,Mark Manson,2019,2019-01-07,Self-Help,,,physical,,
The Book on the Taboo Against Knowing Who You Are,Alan Watts,2019,2019-01-09,Philosophy,,,physical,,
Catch 22,Joseph Heller,2019,2019-01-14,Literary Fiction,,,physical,,re-read
Candide,Voltaire,2019,2019-01-15,Classic,,,physical,,re-read
The Unbearable Lightness of Being,Milan Kundera,2019,2019-01-18,Literary Fiction,,,physical,,re-read
Why We Sleep,Matthew Walker,2019,2019-01-26,Science/Nonfiction,,,physical,,
Norwegian Wood,Haruki Murakami,2019,2019-02-06,Literary Fiction,,,physical,,re-read
The Great Gatsby,F. Scott Fitzgerald,2019,2019-02-08,Literary Fiction,,,physical,,
Pet Sematary,Stephen King,2019,2019-02-14,Horror,,,physical,,
A Game of Thrones,George R.R. Martin,2019,2019-02-25,Fantasy,A Song of Ice and Fire,1,physical,,re-read
The Snows of Kilimanjaro and Other Stories,Ernest Hemingway,2019,2019-03-12,Short Stories,,,physical,,
South of the Border West of the Sun,Haruki Murakami,2019,2019-03-31,Literary Fiction,,,physical,,
The Catcher in the Rye,J.D. Salinger,2019,2019-04-01,Literary Fiction,,,physical,,
The Selfish Gene,Richard Dawkins,2019,2019-04-18,Science/Nonfiction,,,physical,,
A Short History of Nearly Everything,Bill Bryson,2019,2019-04-26,Science/Nonfiction,,,physical,,
Sex at Dawn,Christopher Ryan,2019,2019-05-17,Nonfiction,,,physical,,
On Writing,Stephen King,2019,2019-05-21,Craft/Nonfiction,,,physical,,
The War of the Worlds,H.G. Wells,2019,2019-05-21,Science Fiction,,,physical,,
East of Eden,John Steinbeck,2019,2019-05-25,Literary Fiction,,,physical,,re-read
The Time Machine,H.G. Wells,2019,2019-05-26,Science Fiction,,,physical,,
Tortilla Flat,John Steinbeck,2019,2019-05-27,Literary Fiction,,,physical,,
The Shining,Stephen King,2019,2019-05-29,Horror,,,physical,,
The Name of the Wind,Patrick Rothfuss,2019,2019-06-03,Fantasy,Kingkiller Chronicle,1,physical,,
The Wise Man's Fear,Patrick Rothfuss,2019,2019-06-14,Fantasy,Kingkiller Chronicle,2,physical,,
The Compound Effect,Darren Hardy,2019,2019-06-17,Self-Help,,,physical,,
Hyperion,Dan Simmons,2019,2019-06-22,Science Fiction,Hyperion Cantos,1,physical,,
The Life-Changing Magic of Tidying Up,Marie Kondo,2019,2019-06-27,Self-Help,,,physical,,
How to Win Friends and Influence People,Dale Carnegie,2019,2019-07-07,Self-Help,,,physical,,re-read
The Hitchhiker's Guide to the Galaxy,Douglas Adams,2019,2019-07-25,Science Fiction,,,physical,,
The 7 Habits of Highly Effective People,Stephen R. Covey,2019,2019-07-27,Self-Help,,,physical,,
Never Split the Difference,Chris Voss,2019,2019-08-07,Nonfiction,,,physical,,
The Giver,Lois Lowry,2019,2019-08-11,Science Fiction,,,physical,,
Harry Potter and the Chamber of Secrets,J.K. Rowling,2019,2019-08-14,Fantasy,Harry Potter,2,physical,,
Harry Potter and the Prisoner of Azkaban,J.K. Rowling,2019,2019-08-16,Fantasy,Harry Potter,3,physical,,
Harry Potter and the Goblet of Fire,J.K. Rowling,2019,2019-08-19,Fantasy,Harry Potter,4,physical,,
The Compound Effect,Darren Hardy,2019,2019-08-28,Self-Help,,,physical,,re-read
The Fountainhead,Ayn Rand,2019,2019-08-29,Literary Fiction,,,physical,,
The Centaur,John Updike,2019,2019-09-02,Literary Fiction,,,physical,,
The War of Art,Steven Pressfield,2019,2019-09-03,Self-Help,,,physical,,
The War of Art,Steven Pressfield,2019,2019-09-08,Self-Help,,,physical,,re-read
The Elements of Style,William Strunk Jr. and E.B. White,2019,2019-09-08,Reference,,,physical,,
On Writing,Stephen King,2019,2019-09-13,Craft/Nonfiction,,,physical,,re-read
Colorless Tsukuru Tazaki,Haruki Murakami,2019,2019-09-13,Literary Fiction,,,physical,,
The Firm,John Grisham,2019,2019-09-14,Thriller,,,physical,,
Rich Dad Poor Dad,Robert T. Kiyosaki,2019,2019-09-21,Personal Finance,,,physical,,
The Stand,Stephen King,2019,2019-09-23,Horror,,,physical,,
The Hero with a Thousand Faces,Joseph Campbell,2019,2019-09-23,Nonfiction,,,physical,,listed as The Adventure of the Hero
Farewell My Lovely,Raymond Chandler,2019,2019-09-25,Mystery,,,physical,,
Walden,Henry David Thoreau,2019,2019-09-28,Classic,,,physical,,
Tao Te Ching,Laozi,2019,2019-09-28,Philosophy,,,physical,,
Stranger in a Strange Land,Robert A. Heinlein,2019,2019-09-30,Science Fiction,,,physical,,re-read
The Book of Wonder,Lord Dunsany,2019,2019-10-01,Fantasy,,,physical,,
The Gods of Pegana,Lord Dunsany,2019,2019-10-02,Fantasy,,,physical,,
The Lion the Witch and the Wardrobe,C.S. Lewis,2019,2019-10-02,Fantasy,The Chronicles of Narnia,1,physical,,re-read
Self Reliance,Ralph Waldo Emerson,2019,2019-10-02,Philosophy,,,physical,,
The Hobbit,J.R.R. Tolkien,2019,2019-10-10,Fantasy,,,physical,,re-read
The Red Book,Carl Jung,2019,2019-10-13,Psychology,,,physical,,
1Q84,Haruki Murakami,2019,2019-10-17,Literary Fiction,,,physical,,
The Meditations,Marcus Aurelius,2019,2019-10-19,Philosophy,,,physical,,re-read
Crazy Rich Asians,Kevin Kwan,2019,2019-10-22,Literary Fiction,,,physical,,
The Store,Unknown,2019,2019-12-24,Fiction,,,physical,,author unknown
The Sea of Monsters,Rick Riordan,2020,2020-02-24,Fantasy,Percy Jackson and the Olympians,2,physical,,
The Titan's Curse,Rick Riordan,2020,2020-02-25,Fantasy,Percy Jackson and the Olympians,3,physical,,
The Battle of the Labyrinth,Rick Riordan,2020,2020-02-25,Fantasy,Percy Jackson and the Olympians,4,physical,,
The Last Olympian,Rick Riordan,2020,2020-02-26,Fantasy,Percy Jackson and the Olympians,5,physical,,
The Lost Hero,Rick Riordan,2020,2020-03-02,Fantasy,The Heroes of Olympus,1,physical,,
She's First,Unknown,2020,2020-03-03,Nonfiction,,,physical,,author unknown
Sapiens,Yuval Noah Harari,2020,2020-03-06,Nonfiction,,,physical,,
Freakonomics,Steven D. Levitt and Stephen J. Dubner,2020,2020-03-08,Nonfiction,,,physical,,
David and Goliath,Malcolm Gladwell,2020,2020-03-09,Nonfiction,,,physical,,
Dataclysm,Christian Rudder,2020,,Nonfiction,,,physical,,
The God Delusion,Richard Dawkins,2020,2020-03-11,Nonfiction,,,physical,,
Outliers,Malcolm Gladwell,2020,2020-03-12,Nonfiction,,,physical,,
Demian,Hermann Hesse,2020,2020-03-14,Literary Fiction,,,physical,,re-read
Digital Minimalism,Cal Newport,2020,2020-03-15,Self-Help,,,physical,,
Cat's Cradle,Kurt Vonnegut,2020,2020-03-17,Science Fiction,,,physical,,re-read
Slaughterhouse Five,Kurt Vonnegut,2020,2020-03-19,Science Fiction,,,physical,,re-read
Siddhartha,Hermann Hesse,2020,2020-03-20,Literary Fiction,,,physical,,
King Lear,William Shakespeare,2020,2020-03-24,Classic,,,physical,,
A Demon Haunted World,Carl Sagan,2020,2020-03-25,Science/Nonfiction,,,physical,,
Ready Player One,Ernest Cline,2020,,Science Fiction,,,physical,,
Wonder,R.J. Palacio,2020,2020-05-18,YA Fiction,,,physical,,
Atomic Habits,James Clear,2020,2020-05-30,Self-Help,,,physical,,
Harry Potter and the Chamber of Secrets,J.K. Rowling,2020,2020-06-26,Fantasy,Harry Potter,2,physical,,re-read
Harry Potter and the Prisoner of Azkaban,J.K. Rowling,2020,2020-07-01,Fantasy,Harry Potter,3,physical,,re-read
Harry Potter and the Goblet of Fire,J.K. Rowling,2020,,Fantasy,Harry Potter,4,physical,,re-read
Norwegian Wood,Haruki Murakami,2020,2020-07-11,Literary Fiction,,,physical,,re-read
Colorless Tsukuru Tazaki,Haruki Murakami,2020,,Literary Fiction,,,physical,,re-read
Sputnik Sweetheart,Haruki Murakami,2020,,Literary Fiction,,,physical,,
The Big Sleep,Raymond Chandler,2020,,Mystery,,,physical,,
A Wild Sheep Chase,Haruki Murakami,2020,,Literary Fiction,,,physical,,
Kafka on the Shore,Haruki Murakami,2020,,Literary Fiction,,,physical,,re-read
Harry Potter and the Order of the Phoenix,J.K. Rowling,2020,,Fantasy,Harry Potter,5,physical,,re-read
Blink,Malcolm Gladwell,2020,,Nonfiction,,,physical,,
The Art of Discarding,Nagisa Tatsumi,2020,,Self-Help,,,physical,,
Harry Potter and the Deathly Hallows,J.K. Rowling,2020,,Fantasy,Harry Potter,7,physical,,re-read
Kitchen,Banana Yoshimoto,2020,,Literary Fiction,,,physical,,
Memoirs of a Geisha,Arthur Golden,2020,,Historical Fiction,,,physical,,re-read
Pachinko,Min Jin Lee,2020,,Historical Fiction,,,physical,,
A Gentleman in Moscow,Amor Towles,2020,,Historical Fiction,,,physical,,
The Phantom Tollbooth,Norton Juster,2020,,Fantasy,,,physical,,
Crime and Punishment,Fyodor Dostoevsky,2020,,Classic,,,physical,,re-read
The Mysterious Affair at Styles,Agatha Christie,2020,,Mystery,Hercule Poirot,,physical,,
The Fellowship of the Ring,J.R.R. Tolkien,2020,,Fantasy,The Lord of the Rings,1,physical,,re-read
The Curious Incident of the Dog in the Night-Time,Mark Haddon,2020,,Literary Fiction,,,physical,,
The Picture of Dorian Grey,Oscar Wilde,2020,,Classic,,,physical,,re-read
The Two Towers,J.R.R. Tolkien,2020,,Fantasy,The Lord of the Rings,2,physical,,re-read
A Brief History of Time,Stephen Hawking,2020,,Science/Nonfiction,,,physical,,
Siddhartha,Hermann Hesse,2020,,Literary Fiction,,,physical,,re-read
Me Talk Pretty One Day,David Sedaris,2020,,Memoir,,,physical,,
The Maltese Falcon,Dashiell Hammett,2020,,Mystery,,,physical,,
Key to Living the Law of Attraction,Jack Canfield,2020,,Self-Help,,,audiobook,,
The Undiscovered Self,Carl Jung,2020,,Psychology,,,physical,,
The Richest Man in Babylon,George S. Clason,2020,,Personal Finance,,,physical,,
The Power of Your Subconscious Mind,Joseph Murphy,2020,,Self-Help,,,physical,,
East of Eden,John Steinbeck,2020,,Literary Fiction,,,physical,,re-read
The Power of Intention,Wayne Dyer,2020,,Self-Help,,,physical,,
Kitchen Confidential,Anthony Bourdain,2020,,Memoir,,,physical,,
Dare to Win,Jack Canfield,2020,,Self-Help,,,physical,,
Think and Grow Rich,Napoleon Hill,2020,,Self-Help,,,physical,,
Think and Grow Rich,Napoleon Hill,2020,,Self-Help,,,physical,,re-read
The World According to Mr. Rogers,Fred Rogers,2020,,Nonfiction,,,physical,,
New Introductory Lectures on Psychoanalysis,Sigmund Freud,2020,,Psychology,,,physical,,
Think and Grow Rich,Napoleon Hill,2020,,Self-Help,,,physical,,re-read
Ask and It Is Given,Esther Hicks and Jerry Hicks,2020,,Self-Help,,,audiobook,,
Harry Potter and the Half-Blood Prince,J.K. Rowling,2020,,Fantasy,Harry Potter,6,audiobook,,re-read
The Law of Attraction,Esther Hicks and Jerry Hicks,2020,,Self-Help,,,physical,,
The Girl on the Train,Paula Hawkins,2020,,Thriller,,,physical,,
Tao Te Ching,Laozi,2020,,Philosophy,,,physical,,re-read
As a Man Thinketh,James Allen,2020,,Self-Help,,,physical,,
The Autobiography of Benjamin Franklin,Benjamin Franklin,2020,,Memoir,,,physical,,
Aion,Carl Jung,2020,,Psychology,,,physical,,
Psychopathology of Everyday Life,Sigmund Freud,2020,,Psychology,,,physical,,
Extreme Ownership,Jocko Willink and Leif Babin,2020,,Self-Help,,,physical,,
The Meditations,Marcus Aurelius,2020,,Philosophy,,,physical,,re-read
The Interpretation of Dreams,Sigmund Freud,2020,,Psychology,,,physical,,
The Secret,Rhonda Byrne,2020,,Self-Help,,,physical,,
I Can Do It,Louise Hay,2020,,Self-Help,,,physical,,
This is Marketing,Seth Godin,2020,,Business/Nonfiction,,,physical,,
The Mother Tongue,Bill Bryson,2020,,Linguistics/Nonfiction,,,physical,,
The Tipping Point,Malcolm Gladwell,2020,,Nonfiction,,,physical,,
The Power of Now,Eckhart Tolle,2020,,Philosophy/Spirituality,,,physical,,
Come as You Are,Emily Nagoski,2020,,Nonfiction,,,physical,,
The Millionaire Next Door,Thomas J. Stanley,2020,,Personal Finance,,,physical,,
The Unbearable Lightness of Being,Milan Kundera,2020,,Literary Fiction,,,physical,,re-read
The Birth of Tragedy,Friedrich Nietzsche,2020,,Philosophy,,,physical,,
The Genealogy of Morals,Friedrich Nietzsche,2020,,Philosophy,,,physical,,
Your Erroneous Zones,Wayne Dyer,2020,,Self-Help,,,physical,,
Eat Pray Love,Elizabeth Gilbert,2020,,Memoir,,,physical,,
The 4-Hour Workweek,Timothy Ferriss,2020,,Self-Help,,,physical,,
Letters from a Stoic,Seneca,2020,,Philosophy,,,physical,,
Letters from a Stoic,Seneca,2020,,Philosophy,,,physical,,re-read
Rules of Civility,Amor Towles,2020,,Literary Fiction,,,physical,,
Yes Man,Danny Wallace,2020,,Memoir,,,physical,,
Robert Frost Selected Poems,Robert Frost,2020,,Poetry,,,physical,,
What I Talk About When I Talk About Running,Haruki Murakami,2020,,Memoir,,,physical,,
Milk and Honey,Rupi Kaur,2020,,Poetry,,,physical,,
A New Earth,Eckhart Tolle,2020,,Philosophy/Spirituality,,,physical,,
Educated,Tara Westover,2020,,Memoir,,,physical,,
The Meditations,Marcus Aurelius,2020,,Philosophy,,,physical,,re-read
Walden,Henry David Thoreau,2020,,Classic,,,physical,,re-read
Jurassic Park,Michael Crichton,2020,,Science Fiction,,,physical,,
The Red Book,Carl Jung,2020,,Psychology,,,physical,,re-read
Cryptonomicon,Neal Stephenson,2021,,Science Fiction,,,physical,,
World of Women,Unknown,2021,,Fiction,,,ebook,,
The Last Wish,Andrzej Sapkowski,2021,,Fantasy,The Witcher,1,ebook,,
Desert Solitaire,Edward Abbey,2021,,Nonfiction,,,physical,,
The Other End of the Leash,Patricia McConnell,2021,,Nonfiction,,,ebook,,
Perfect Puppy in 7 Days,Sophia Yin,2021,,Nonfiction,,,ebook,,
Men Without Women,Haruki Murakami,2021,,Short Stories,,,ebook,,re-read
Ishmael,Daniel Quinn,2021,,Literary Fiction,,,physical,,
Don Quixote Part 2,Miguel de Cervantes,2021,,Classic,,,physical,,
Tropic of Cancer,Henry Miller,2021,,Literary Fiction,,,ebook,,
Dune,Frank Herbert,2021,,Science Fiction,,,ebook,,re-read
Don Quixote Part 1,Miguel de Cervantes,2021,,Classic,,,physical,,
Casino Royale,Ian Fleming,2021,,Thriller,James Bond,1,ebook,,
Herzog,Saul Bellow,2021,,Literary Fiction,,,physical,,
House of Hades,Rick Riordan,2021,,Fantasy,The Heroes of Olympus,4,ebook,,
Gravity's Rainbow,Thomas Pynchon,2021,,Literary Fiction,,,physical,,
A Wrinkle in Time,Madeleine L'Engle,2021,,Science Fiction,,,physical,,
The Sportswriter,Richard Ford,2021,,Literary Fiction,,,physical,,
The Mark of Athena,Rick Riordan,2021,,Fantasy,The Heroes of Olympus,3,ebook,,
Hero of the Ages,Brandon Sanderson,2021,,Fantasy,Mistborn,3,physical,,
It,Stephen King,2021,,Horror,,,physical,,re-read
The Lessons of History,Will Durant and Ariel Durant,2021,,History/Nonfiction,,,physical,,
The Way of the Superior Man,David Deida,2021,,Self-Help,,,physical,,
Colorless Tsukuru Tazaki,Haruki Murakami,2021,,Literary Fiction,,,physical,,re-read
Your Brain on Porn,Gary Wilson,2021,,Nonfiction,,,physical,,
The Well of Ascension,Brandon Sanderson,2021,,Fantasy,Mistborn,2,physical,,
For Whom the Bell Tolls,Ernest Hemingway,2021,,Literary Fiction,,,physical,,
Driven to Distraction,Edward M. Hallowell,2021,,Nonfiction,,,physical,,
Mistborn,Brandon Sanderson,2021,,Fantasy,Mistborn,1,physical,,
All the Pretty Horses,Cormac McCarthy,2021,,Literary Fiction,,,physical,,
All the Light We Cannot See,Anthony Doerr,2021,,Historical Fiction,,,physical,,
One Hundred Years of Solitude,Gabriel García Márquez,2021,,Literary Fiction,,,physical,,
Henderson the Rain King,Saul Bellow,2021,,Literary Fiction,,,physical,,
1Q84,Haruki Murakami,2021,,Literary Fiction,,,physical,,re-read
A Farewell to Arms,Ernest Hemingway,2021,,Literary Fiction,,,physical,,
Moby Dick,Herman Melville,2021,,Classic,,,physical,,
Heart of Darkness,Joseph Conrad,2021,,Classic,,,physical,,
The Will to Power,Friedrich Nietzsche,2021,,Philosophy,,,physical,,
Lolita,Vladimir Nabokov,2021,,Literary Fiction,,,physical,,
The Unbearable Lightness of Being,Milan Kundera,2021,,Literary Fiction,,,physical,,re-read
The Road,Cormac McCarthy,2021,,Literary Fiction,,,physical,,
Harry Potter and the Order of the Phoenix,J.K. Rowling,2021,,Fantasy,Harry Potter,5,physical,,re-read
Letters from a Stoic,Seneca,2021,,Philosophy,,,physical,,re-read
Ben Hogan's Five Lessons,Ben Hogan,2021,,Sports/Nonfiction,,,physical,,
Breath,James Nestor,2021,,Nonfiction,,,physical,,
Circe,Madeline Miller,2021,,Fantasy,,,physical,,
The Way of the Superior Man,David Deida,2021,,Self-Help,,,physical,,re-read
Stranger in a Strange Land,Robert A. Heinlein,2021,,Science Fiction,,,physical,,re-read
Tender is the Night,F. Scott Fitzgerald,2021,,Literary Fiction,,,physical,,
Harry Potter and the Goblet of Fire,J.K. Rowling,2021,,Fantasy,Harry Potter,4,physical,,re-read
The Way of Zen,Alan Watts,2021,,Philosophy/Spirituality,,,physical,,
Harry Potter and the Prisoner of Azkaban,J.K. Rowling,2021,,Fantasy,Harry Potter,3,physical,,re-read
The Will to Power,Friedrich Nietzsche,2021,,Philosophy,,,physical,,re-read
We Are Okay,Nina LaCour,2021,,YA Fiction,,,physical,,
Harry Potter and the Chamber of Secrets,J.K. Rowling,2021,,Fantasy,Harry Potter,2,physical,,re-read
Think Like a Monk,Jay Shetty,2021,,Self-Help,,,physical,,
Harry Potter and the Philosopher's Stone,J.K. Rowling,2021,,Fantasy,Harry Potter,1,physical,,re-read
Eleanor Oliphant is Completely Fine,Gail Honeyman,2021,,Literary Fiction,,,physical,,
The Overstory,Richard Powers,2021,,Literary Fiction,,,physical,,
Bared to You,Sylvia Day,2021,,Romance,,,physical,,
The Epic of Gilgamesh,Anonymous,2021,,Classic,,,physical,,
Timequake,Kurt Vonnegut,2021,,Science Fiction,,,physical,,
Little Fires Everywhere,Celeste Ng,2021,,Literary Fiction,,,physical,,
Ham on Rye,Charles Bukowski,2021,,Literary Fiction,,,physical,,
Post Office,Charles Bukowski,2021,,Literary Fiction,,,physical,,
Lolita,Vladimir Nabokov,2021,,Literary Fiction,,,physical,,re-read
Women,Charles Bukowski,2021,,Literary Fiction,,,physical,,
The Master and Margarita,Mikhail Bulgakov,2021,,Literary Fiction,,,physical,,
The Tao of Pooh,Benjamin Hoff,2021,,Philosophy/Spirituality,,,physical,,
The Son of Neptune,Rick Riordan,2021,,Fantasy,The Heroes of Olympus,2,physical,,
Daisy Jones and the Six,Taylor Jenkins Reid,2021,,Literary Fiction,,,physical,,
The Bell Jar,Sylvia Plath,2021,,Literary Fiction,,,physical,,
The Song of Achilles,Madeline Miller,2021,,Historical Fiction,,,physical,,
Where the Crawdads Sing,Delia Owens,2021,,Mystery,,,physical,,
Killing Commendatore,Haruki Murakami,2021,,Literary Fiction,,,physical,,re-read
Atonement,Ian McEwan,2021,,Literary Fiction,,,physical,,
Thus Spoke Zarathustra,Friedrich Nietzsche,2021,,Philosophy,,,physical,,
George,Alex Gino,2022,,YA Fiction,,,physical,,
Wintergirls,Laurie Halse Anderson,2022,,YA Fiction,,,ebook,,
Harry Potter and the Goblet of Fire,J.K. Rowling,2022,,Fantasy,Harry Potter,4,physical,,re-read
Under the Dome,Stephen King,2022,,Science Fiction,,,physical,,
The Obesity Code,Jason Fung,2022,,Health/Nonfiction,,,physical,,
The Quiet American,Graham Greene,2022,,Literary Fiction,,,physical,,
Sword of Destiny,Andrzej Sapkowski,2022,,Fantasy,The Witcher,2,ebook,,
The Forever War,Joe Haldeman,2023,,Science Fiction,,,physical,,
Neuromancer,William Gibson,2023,,Science Fiction,,,physical,,
Learn Like a Pro,Barbara Oakley,2023,,Self-Help,,,physical,,
Never Let Me Go,Kazuo Ishiguro,2023,,Literary Fiction,,,physical,,
The Claiming of Sleeping Beauty,Anne Rice,2023,,Erotica,,,physical,,
Shadow and Bone,Leigh Bardugo,2023,,Fantasy,Grisha,1,physical,,
Novelist as a Vocation,Haruki Murakami,2023,,Nonfiction,,,physical,,
First Person Singular,Haruki Murakami,2023,,Short Stories,,,physical,,
Friday,Robert A. Heinlein,2023,2023-06-27,Science Fiction,,,physical,,
White Teeth,Zadie Smith,2023,2023-07-20,Literary Fiction,,,physical,,
In Cold Blood,Truman Capote,2023,2023-07-26,Nonfiction/True Crime,,,physical,,
Rhythm of War,Brandon Sanderson,2023,,Fantasy,Stormlight Archive,4,physical,,
The Graveyard Book,Neil Gaiman,2023,,Fantasy,,,physical,,
The Creative Act,Rick Rubin,2023,,Nonfiction,,,physical,,
Oathbringer,Brandon Sanderson,2023,,Fantasy,Stormlight Archive,3,physical,,
The Fasting Cure,Upton Sinclair,2023,,Health/Nonfiction,,,physical,,
Words of Radiance,Brandon Sanderson,2023,,Fantasy,Stormlight Archive,2,physical,,
The Way of Kings,Brandon Sanderson,2023,,Fantasy,Stormlight Archive,1,physical,,
The Blade Itself,Joe Abercrombie,2024,,Fantasy,The First Law,1,physical,,
Before They Are Hanged,Joe Abercrombie,2024,,Fantasy,The First Law,2,physical,,
The Last Argument of Kings,Joe Abercrombie,2024,,Fantasy,The First Law,3,physical,,
Do Androids Dream of Electric Sheep,Philip K. Dick,2024,,Science Fiction,,,physical,,
Cat's Cradle,Kurt Vonnegut,2024,,Science Fiction,,,physical,,re-read
Assassin's Apprentice,Robin Hobb,2024,,Fantasy,Farseer Trilogy,1,physical,,
A Game of Thrones,George R.R. Martin,2024,,Fantasy,A Song of Ice and Fire,1,physical,,re-read
A Clash of Kings,George R.R. Martin,2024,,Fantasy,A Song of Ice and Fire,2,physical,,re-read
A Little Life,Hanya Yanagihara,2024,,Literary Fiction,,,physical,,
Elantris,Brandon Sanderson,2024,,Fantasy,Elantris,1,physical,,
One Hundred Years of Solitude,Gabriel García Márquez,2024,,Literary Fiction,,,physical,,re-read
Tress of the Emerald Sea,Brandon Sanderson,2024,,Fantasy,Cosmere,,physical,,
Wind and Truth,Brandon Sanderson,2025,2025-04-05,Fantasy,Stormlight Archive,5,physical,,"took forever"
Algorithms,Jeff Erickson,2025,,Computer Science,,,physical,,textbook
The Sirens of Titan,Kurt Vonnegut,2025,2025-05-06,Science Fiction,,,physical,,re-read
Atomic Habits,James Clear,2025,,Self-Help,,,physical,,re-read
Norwegian Wood,Haruki Murakami,2025,2025-06-02,Literary Fiction,,,physical,,re-read
The Eye of the World,Robert Jordan,2025,,Fantasy,Wheel of Time,1,physical,,
The Great Hunt,Robert Jordan,2025,2025-07-03,Fantasy,Wheel of Time,2,physical,,
The Fourth Wing,Rebecca Yarros,2025,,Fantasy,Empyrean,1,physical,,
Iron Flame,Rebecca Yarros,2025,,Fantasy,Empyrean,2,physical,,
Onyx Storm,Rebecca Yarros,2025,2025-10-29,Fantasy,Empyrean,3,physical,,
The Dragon Reborn,Robert Jordan,2025,,Fantasy,Wheel of Time,3,physical,11/10,
The Shadow Rising,Robert Jordan,2025,,Fantasy,Wheel of Time,4,physical,,
